Depth,Salinity
0.12519705,35.5898307458
0.1518347,35.5875117169
0.17847235,35.5908242822
0.20511,35.58951374485
0.285023,35.5882032075
0.364936,35.5796032961
0.444849,35.586255534
0.586916666666667,35.5929077719
0.728984333333333,35.5887191208
0.871052,35.59033296595
0.9376465,35.5919468111
1.004241,35.5878829078
1.0708355,35.5826542502
1.13743,35.5841624536
1.31501333333333,35.585670657
1.49259666666667,35.5876573588
1.67018,35.5872929763
1.82112666666667,35.5869285938
1.97207333333333,35.5849786133
2.12302,35.58575140335
2.296165,35.5865241934
2.46931,35.5887202712
2.642455,35.5808845474
2.8156,35.5816267685
3.08197666666667,35.5823689896
3.34835333333333,35.580623483
3.61473,35.5883752861
3.86335,35.5961270892
4.11197,35.5963500706
4.36059,35.59804886005
4.72463666666667,35.5997476495
5.08868333333333,35.6031310431
5.45273,35.60428363875
5.68581,35.6054362344
5.91889,35.6094604637
6.15197,35.6110430468
6.38505,35.612673402
6.66918666666667,35.6143037572
6.95332333333333,35.6160538853
7.23746,35.6173897153
7.4328,35.6187255453
7.62814,35.6193433491
7.82348,35.6194864515
7.99218666666667,35.6196295539
8.16089333333333,35.6209169475
8.3296,35.62052715535
8.41839333333333,35.6201373632
8.50718666666667,35.6212202176
8.59598,35.62128325765
8.7824425,35.6213462977
8.968905,35.6212894214
9.1553675,35.6212767611
9.34183,35.6216652064
9.56382,35.6220536517
9.78581,35.6225444446
10.0078,35.62276025265
10.2297666666667,35.6229760607
10.4517333333333,35.6241416576
10.6737,35.6240551643
10.8868,35.623968671
11.0999,35.6239257243
11.313,35.6242174729
11.472825,35.6245092215
11.63265,35.6244088253
11.792475,35.624909957
11.9523,35.62597152885
12.2187,35.6270331007
12.4851,35.6270847435
12.7515,35.6271675823
12.9557,35.6272504211
13.1599,35.6276927019
13.3641,35.6281578663
13.5505666666667,35.6286230307
13.7370333333333,35.6286606129
13.9235,35.6285295382
14.1721333333333,35.6283984635
14.4207666666667,35.6287462991
14.6694,35.6282330759
14.9446333333333,35.6277198527
15.2198666666667,35.6295440363
15.4951,35.62865614785
15.641625,35.6277682594
15.78815,35.6277091723
15.934675,35.6291082871
16.0812,35.629759352
16.3209333333333,35.6304104169
16.5606666666667,35.6290811414
16.8004,35.6294593325
17.0312666666667,35.6298375236
17.2621333333333,35.6278868052
17.493,35.62793182125
17.7327333333333,35.6279768373
17.9724666666667,35.6280781243
18.2122,35.627629313
18.4075333333333,35.6271805017
18.6028666666667,35.6258856995
18.7982,35.6251336287
19.0557,35.6243815579
19.3132,35.6246530735
19.5707,35.6269447765
19.730525,35.6292364795
19.89035,35.6423822205
20.050175,35.6433168762
20.21,35.6436081073667
20.33786,35.6438993385333
20.46572,35.6441905697
20.59358,35.6440624675
20.72144,35.6439343653
20.8493,35.6444450326
20.98782,35.6449556999
21.12634,35.6454663672
21.26486,35.64461313655
21.40338,35.6437599059
21.5419,35.64210397805
21.70172,35.6404480502
21.86154,35.6406600468
22.02136,35.6408720434
22.18118,35.6411689068333
22.341,35.6414657702667
22.48085,35.6417626337
22.6207,35.6425774501
22.76055,35.6433922665
22.9004,35.64742156155
23.04424,35.6514508566
23.18808,35.6515585126
23.33192,35.6516661686
23.47576,35.6518815943
23.6196,35.65209702
23.76878,35.6523124457
23.91796,35.65320902345
24.06714,35.6541056012
24.21632,35.6545367019667
24.3655,35.6549678027333
24.48802,35.6553989035
24.61054,35.6592650819
24.73306,35.6608177578
24.85558,35.6623704337
24.9781,35.6624108294667
25.1113,35.6624512252333
25.2445,35.662491621
25.3777,35.66291805205
25.5109,35.6633444831
25.6441,35.66368190135
25.79326,35.6640193196
25.94242,35.66518127285
26.09158,35.6663432261
26.24074,35.6670552476333
26.3899,35.6677672691667
26.54974,35.6684792907
26.70958,35.66788771185
26.86942,35.667296133
27.02926,35.6680605807
27.1891,35.6688250284
27.29564,35.6695894761
27.40218,35.6716076804
27.50872,35.67356832945
27.61526,35.6755289785
27.7218,35.6768256757667
27.87098,35.6781223730333
28.02016,35.6794190703
28.16934,35.68012409985
28.31852,35.6808291294
28.4677,35.68101929365
28.60088,35.6812094579
28.73406,35.68392458765
28.86724,35.6866397174
29.00042,35.6870316256
29.1336,35.6874235338
29.320075,35.687815442
29.50655,35.68740020545
29.693025,35.6869849689
29.8795,35.6876636529333
29.98604,35.6883423369667
30.09258,35.689021021
30.19912,35.6902104492
30.30566,35.6904144021
30.4122,35.690618355
30.57736,35.6908223079
30.74252,35.6905542267
30.90768,35.6902861455
31.07284,35.6718755426667
31.238,35.6534649398333
31.37118,35.635054337
31.50436,35.7021017405
31.63754,35.7030118578
31.77072,35.7039219751
31.9039,35.7112540676667
32.04242,35.7185861602333
32.18094,35.7259182528
32.31946,35.73965225625
32.45798,35.7533862597
32.5965,35.7552032860667
32.71904,35.7570203124333
32.84158,35.7588373388
32.96412,35.7949276793
33.08666,35.794157303
33.2092,35.7933869267
33.3637,35.7926165504
33.5182,35.7899648528
33.6727,35.7873131552
33.8272,35.7903888323667
33.9817,35.7934645095333
34.08824,35.7965401867
34.19478,35.8088744756
34.30132,35.82326376855
34.40786,35.8376530615
34.5144,35.8315911552
34.68755,35.8255292489
34.8607,35.8194673426
35.03385,35.8266689727667
35.207,35.8338706029333
35.3402,35.8410722331
35.4734,35.81751527185
35.6066,35.7939583106
35.7398,35.8081621118
35.873,35.8115121581
35.95824,35.8148622044
36.04348,35.8182122507
36.12872,35.8386037244
36.21396,35.8589951981
36.2992,35.8597110392667
36.44836,35.8604268804333
36.59752,35.8611427216
36.74668,35.8880462719
36.89584,35.8987007501333
37.045,35.9093552283667
37.14622,35.9200097066
37.24744,35.91614165735
37.34866,35.9122736081
37.44988,35.9174769251333
37.5511,35.9226802421667
37.68962,35.9278835592
37.82814,35.93458714805
37.96666,35.9412907369
38.10518,35.9459082632
38.2437,35.9487794310333
38.37156,35.9516505988667
38.49942,35.9545217667
38.62728,35.9638872602
38.75514,35.9732527537
38.883,35.9742666037333
38.98956,35.9752804537667
39.09612,35.9762943038
39.20268,35.97327428
39.30924,35.9725159611333
39.4158,35.9717576422667
39.53832,35.9709993234
39.66084,35.97338728495
39.78336,35.9757752465
39.90588,35.9727189435333
40.0284,35.9696626405667
40.13495,35.9666063376
40.2415,35.9554734209
40.34805,35.9443405042
40.4546,35.94713206925
40.5878,35.9499236343
40.721,35.9577441605
40.8542,35.9655646867
40.9874,35.9615401426667
41.1206,35.9575155986333
41.23248,35.9534910546
41.34436,35.94668162945
41.45624,35.9398722043
41.56812,35.9379389738
41.68,35.9361837004
41.81852,35.934428427
41.95704,35.9326731536
42.09556,35.927636129
42.23408,35.9225991044
42.3726,35.9213813847333
42.4525,35.9201636650667
42.5324,35.9189459454
42.6123,35.9185245021
42.6922,35.9181030588
42.7721,35.91473908005
42.91062,35.9113751013
43.04914,35.9065073449
43.18766,35.9016395885
43.32618,35.9021948945333
43.4647,35.9027502005667
43.57124,35.9033055066
43.67778,35.89818920885
43.78432,35.8930729111
43.89086,35.910778892
43.9974,35.9099155912667
44.11994,35.9090522905333
44.24248,35.9081889898
44.36502,35.90574235465
44.48756,35.9032957195
44.6101,35.9024272065
44.65806,35.9015586935
44.70602,35.9006901805
44.75398,35.8960252549
44.80194,35.8913603293
44.8499,35.90635272375
45.043,35.9213451182
45.2361,35.90665184545
45.4292,35.8919585727
45.6223,35.8926718843
45.72354,35.8933851959
45.82478,35.8940985075
45.92602,35.8942024263
46.02726,35.8943063451
46.1285,35.89202915355
46.21374,35.889751962
46.29898,35.88319240355
46.38422,35.8766328451
46.46946,35.8790034411
46.5547,35.8813740371
46.6346,35.8837446331
46.7145,35.8839268654
46.7944,35.8841090977
46.8743,35.8742694345333
46.9542,35.8644297713667
47.06608,35.8545901082
47.17796,35.8579611414
47.28984,35.88702826955
47.40172,35.9160953977
47.5136,35.9164639929
47.64146,35.9168325881
47.76932,35.9172011833
47.89718,35.91293047395
48.02504,35.9086597646
48.1529,35.91725491615
48.26478,35.9258500677
48.37666,35.92364152865
48.48854,35.9214329896
48.60042,35.9238240479333
48.7123,35.9262151062667
48.87212,35.9286061646
49.03194,35.92923810505
49.19176,35.9298700455
49.35158,35.9309868317
49.5114,35.9321036179
49.63795,35.9332204041
49.7645,35.9369587778
49.89105,35.9400211554667
50.0176,35.9430835331333
50.12414,35.9461459108
50.23068,35.94879729705
50.33722,35.9514486833
50.44376,35.9567606510333
50.5503,35.9620726187667
50.6835,35.9673845865
50.8167,35.9614716888
50.9499,35.97196199235
51.0831,35.9824522959
51.2163,35.9834313395
51.2749,35.9844103831
51.3335,35.9853894267
51.3921,35.98769966655
51.4507,35.9900099064
51.5093,35.9922203281333
51.6265,35.9944307498667
51.7437,35.9966411716
51.8609,36.0033823605
51.9781,36.0079999761
52.0953,36.0126175917
52.2125,36.0172352073
52.3297,36.01720223085
52.4469,36.0171692544
52.5641,36.0281515785
52.6813,36.0391339026
52.76654,36.0501162267
52.85178,36.0510539995
52.93702,36.06092889315
53.02226,36.0708037868
53.1075,36.0737882485
53.19274,36.0767727102
53.27798,36.0797571719
53.36322,36.08392546905
53.44846,36.0880937662
53.5337,36.0936421198
53.67355,36.0991904734
53.8134,36.104738827
53.95325,36.1155620219
54.0931,36.1181431018
54.19432,36.1207241817
54.29554,36.1233052616
54.39676,36.1294340563
54.49798,36.135562851
54.5992,36.1360930066333
54.70044,36.1366231622667
54.80168,36.1371533179
54.90292,36.1376283233
55.00416,36.1372424876
55.1054,36.1368566519
55.20128,36.1364708162
55.29716,36.1353019601
55.39304,36.134133104
55.48892,36.134245705
55.5848,36.134358306
55.718,36.134470907
55.8512,36.13431413055
55.9844,36.1341573541
56.1176,36.1331722687
56.2508,36.1331438126
56.36268,36.1331153565
56.47456,36.1330869004
56.58644,36.132695982
56.69832,36.1323050636
56.8102,36.1323157180667
56.93272,36.1323263725333
57.05524,36.132337027
57.17776,36.1324347598
57.30028,36.1325324926
57.4228,36.13239350465
57.51338,36.1322545167
57.60396,36.13203427645
57.69454,36.1318140362
57.78512,36.1320183039333
57.8757,36.1322225716667
58.01422,36.1324268394
58.15274,36.1322117168
58.29126,36.1319965942
58.42978,36.1313682268
58.5683,36.1314935777667
58.66952,36.1316189287333
58.77074,36.1317442797
58.87196,36.13027385545
58.97318,36.1288034312
59.0744,36.1316758225667
59.21425,36.1345482139333
59.3541,36.1374206053
59.49395,36.1249025171
59.6338,36.1472149778333
59.71904,36.1695274385667
59.80428,36.1918398993
59.88952,36.19231696925
59.97476,36.1927940392
60.06,36.1931568839667
60.16654,36.1935197287333
60.27308,36.1938825735
60.37962,36.1927708566
60.48616,36.1916591397
60.5927,36.1915088289
60.69926,36.1913585181
60.80582,36.1910258936
60.91238,36.1906932691
61.01894,36.1905143041667
61.1255,36.1903353392333
61.22672,36.1901563743
61.32794,36.18960859925
61.42916,36.1890608242
61.53038,36.1890985575
61.6316,36.18907676
61.74348,36.1890549625
61.85536,36.189033165
61.96724,36.18854465285
62.07912,36.1880561407
62.191,36.1881680165333
62.30288,36.1882798923667
62.41476,36.1883917682
62.52664,36.18855907515
62.63852,36.1887263821
62.7504,36.1884017793
62.85694,36.1880771765
62.96348,36.18807801975
63.07002,36.188078863
63.17656,36.1878078863667
63.2831,36.1875369097333
63.35635,36.1872659331
63.4296,36.18735170225
63.50285,36.1874374714
63.5761,36.1871516908
63.69864,36.1868659102
63.82118,36.18695150705
63.94372,36.1870371039
64.06626,36.1871523730333
64.1888,36.1872676421667
64.2847,36.1873829113
64.3806,36.1872455761
64.4765,36.1871082409
64.5724,36.1871379601667
64.6683,36.1871676794333
64.75354,36.1871973987
64.83878,36.1866970019
64.92402,36.1867780132
65.00926,36.1868590245
65.0945,36.1868874984
65.19572,36.1869159723
65.29694,36.1869444462
65.39816,36.18674342075
65.49938,36.1865423953
65.6006,36.1865983279333
65.70182,36.1866542605667
65.80304,36.1867101932
65.90426,36.1871285259
66.00548,36.1872304346
66.1067,36.1873323433
66.19728,36.187434252
66.28786,36.18718693625
66.37844,36.1869396205
66.46902,36.187024146
66.5596,36.1871086715
66.66082,36.187193197
66.76204,36.1867755117
66.86326,36.1868075219
66.96448,36.1868395321
67.0657,36.1867329734667
67.158925,36.1866264148333
67.25215,36.1865198562
67.345375,36.1866234615667
67.4386,36.1867270669333
67.53982,36.1868306723
67.64104,36.1871360551
67.74226,36.1869374039
67.84348,36.1867387527
67.9447,36.1871192263667
68.0033,36.1874997000333
68.0619,36.1878801737
68.1205,36.18731471195
68.1791,36.1867492502
68.2377,36.1867878605667
68.34426,36.1868264709333
68.45082,36.1868650813
68.55738,36.1869392918
68.66394,36.1871914103333
68.7705,36.1874435288667
68.90368,36.1876956474
69.03686,36.1875301976
69.17004,36.1873647478
69.30322,36.1873655353333
69.4364,36.1873663228667
69.51632,36.1873671104
69.59624,36.1869332693
69.67616,36.1873063598
69.75608,36.1876794503
69.836,36.1876531743667
69.93722,36.1876268984333
70.03844,36.1876006225
70.13966,36.18470239645
70.24088,36.1818041704
70.3421,36.1843288487333
70.43266,36.1868535270667
70.52322,36.1893782054
70.61378,36.1962776673
70.70434,36.1962056160333
70.7949,36.1961335647667
70.88548,36.1960615135
70.97606,36.1981637641
71.06664,36.2002660147
71.15722,36.2057071318333
71.2478,36.2111482489667
71.29574,36.2165893661
71.34368,36.2468397698
71.39162,36.24871100545
71.43956,36.2505822411
71.4875,36.2531889639333
71.62735,36.2557956867667
71.7672,36.2584024096
71.90705,36.2507463566667
72.0469,36.2430903037333
72.11616,36.2354342508
72.18542,36.2528480036
72.25468,36.2702617564
72.32394,36.2843970826
72.3932,36.2827952862667
72.47844,36.2811934899333
72.56368,36.2795916936
72.64892,36.28411965905
72.73416,36.2886476245
72.8194,36.2876297125333
72.87268,36.2866118005667
72.92596,36.2855938886
72.97924,36.3017391736
73.03252,36.3015154635
73.0858,36.3012917534
73.18702,36.3010680433
73.28824,36.30163163855
73.38946,36.3021952338
73.49068,36.3046619972333
73.5919,36.3071287606667
73.67714,36.3095955241
73.76238,36.312278905
73.84762,36.3149622859
73.93286,36.3207097568
74.0181,36.3207471639333
74.06072,36.3207845710667
74.10334,36.3208219782
74.14596,36.3253491767
74.18858,36.3298763752
74.2312,36.3297735943667
74.34308,36.3296708135333
74.45496,36.3295680327
74.56684,36.3327340458
74.67872,36.3324533740333
74.7906,36.3321727022667
74.883825,36.3318920305
74.97705,36.3340628955
75.070275,36.3362337605
75.1635,36.3379151912
75.24342,36.3395966219
75.32334,36.3412780526
75.40326,36.342027349
75.48318,36.3427766454
75.5631,36.3435285663
75.62702,36.3442804872
75.69094,36.34472532005
75.75486,36.3451701529
75.81878,36.3461638688333
75.8827,36.3471575847667
75.96262,36.3481513007
76.04254,36.3507326567
76.12246,36.3533140127
76.20238,36.3626428609
76.2823,36.3635955961
76.36754,36.3645483313
76.45278,36.3655010665
76.53802,36.3664012392
76.62326,36.3673014119
76.7085,36.3672775152333
76.78308,36.3672536185667
76.85766,36.3672297219
76.93224,36.36803356255
77.00682,36.3688374032
77.0814,36.37500566175
77.156,36.3811739203
77.2306,36.37972599585
77.3052,36.3782780714
77.3798,36.3791538261667
77.4544,36.3800295809333
77.54496,36.3809053357
77.63552,36.38053877595
77.72608,36.3801722162
77.81664,36.3784863081
77.9072,36.3785283093
78.0204,36.3785703105
78.1336,36.3786123117
78.2468,36.3784076418333
78.36,36.3782029719667
78.45058,36.3779983021
78.54116,36.3774073008
78.63174,36.3768162995
78.72232,36.3761826803333
78.8129,36.3755490611667
78.89282,36.374915442
78.97274,36.3759604577
79.05266,36.37449419315
79.13258,36.3730279286
79.2125,36.3734638745667
79.28708,36.3738998205333
79.36166,36.3743357665
79.43624,36.3741299533
79.51082,36.3739241401
79.5854,36.3747804596
79.6813,36.3756367791
79.7772,36.3765273148
79.8731,36.3774178505
79.969,36.3774632971333
80.0649,36.3775087437667
80.16078,36.3775541904
80.25666,36.37830101375
80.35254,36.3790478371
80.44842,36.3792104202
80.5443,36.3793730033
80.64554,36.3795355864
80.74678,36.3796556782
80.84802,36.37938393265
80.94926,36.3791121871
81.0505,36.3784561869333
81.15704,36.3778001867667
81.26358,36.3771441866
81.37012,36.3757178699
81.47666,36.3742915532
81.5832,36.3747295115
81.7164,36.3751674698
81.8496,36.3763661017
81.9828,36.3775647336
82.116,36.3754348861667
82.21722,36.3733050387333
82.31844,36.3711751913
82.41966,36.37126777755
82.52088,36.3713603638
82.6221,36.3720559434
82.72332,36.372751523
82.82454,36.3734471026
82.92576,36.3692351746
83.02698,36.3702571038333
83.1282,36.3712790330667
83.2454,36.3723009623
83.3626,36.3701889608
83.4798,36.3680769593
83.597,36.3685560485333
83.7142,36.3690351377667
83.82608,36.369514227
83.93796,36.3702341195
84.04984,36.37720854645
84.16172,36.3841829734
84.2736,36.3887257894333
84.37482,36.3932686054667
84.47604,36.3978114215
84.57726,36.39807396975
84.67848,36.398336518
84.7797,36.3981015141
84.87028,36.3978665102
84.96086,36.3976315063
85.05144,36.396944398
85.14202,36.3967418653667
85.2326,36.3965393327333
85.30718,36.3963368001
85.38176,36.39568127065
85.45634,36.3950257412
85.53092,36.3940135833333
85.6055,36.3930014254667
85.71206,36.3919892676
85.81862,36.3701817998
85.92518,36.3804766154
86.03174,36.390771431
86.1383,36.3910879439667
86.204875,36.3914044569333
86.27145,36.3917209699
86.338025,36.3919289835333
86.4046,36.3921369971667
86.50582,36.3923450108
86.60704,36.39274424285
86.70826,36.3931434749
86.80948,36.3890101814
86.9107,36.3926886685667
87.0066,36.3963671557333
87.1025,36.4000456429
87.1984,36.39970083375
87.2943,36.3993560246
87.3902,36.4033284260333
87.47012,36.4073008274667
87.55004,36.4112732289
87.62996,36.4161846011
87.70988,36.4166333004333
87.7898,36.4170819997667
87.88036,36.4175306991
87.97092,36.41544128955
88.06148,36.41335188
88.15204,36.4137548983
88.2426,36.4141579166
88.3172,36.4145609349
88.3918,36.4139712779
88.4664,36.4133816209
88.541,36.4137199412
88.6156,36.4137925905333
88.69018,36.4138652398667
88.76476,36.4139378892
88.83934,36.4140078328
88.91392,36.4140777764
88.9885,36.4131740774
89.08972,36.4122703784
89.19094,36.4113666794
89.29216,36.4166007378
89.39338,36.4153603084333
89.4946,36.4141198790667
89.547875,36.4128794497
89.60115,36.41564327575
89.654425,36.4184071018
89.7077,36.4181375043667
89.79294,36.4178679069333
89.87818,36.4175983095
89.96342,36.4234192233
90.04866,36.4292401371
90.1339,36.42973223535
90.2298,36.4302243336
90.3257,36.43060207055
90.4216,36.4309798075
90.5175,36.4314942241667
90.6134,36.4320086408333
90.68798,36.4325230575
90.76256,36.43055583875
90.83714,36.42858862
90.91172,36.4340418267
90.9863,36.4371076676667
91.07154,36.4401735086333
91.15678,36.4432393496
91.24202,36.44468897435
91.32726,36.4461385991
91.4125,36.4457362571
91.48176,36.4453339151
91.55102,36.4449315731
91.62028,36.44462747565
91.68954,36.4443233782
91.7588,36.4443018452
91.86002,36.4442803122
91.96124,36.4447996361
92.06246,36.44531896
92.16368,36.4449793492333
92.2649,36.4446397384667
92.3608,36.4443001277
92.4567,36.44482882125
92.5526,36.4453575148
92.6485,36.4450127552
92.7444,36.4448142133
92.864275,36.4446156714
92.98415,36.4444171295
93.104025,36.4447209049667
93.2239,36.4450246804333
93.33578,36.4453284559
93.44766,36.44528074685
93.55954,36.4452330378
93.67142,36.4453268604333
93.7833,36.4454206830667
93.8632,36.4455145057
93.9431,36.4450597115
94.023,36.44428463045
94.1029,36.4435095494
94.1828,36.4427385834667
94.24674,36.4419676175333
94.31068,36.4411966516
94.37462,36.4436860851
94.43856,36.4461755186
94.5025,36.4445747444
94.57708,36.4429739702
94.65166,36.44384152995
94.72624,36.4447090897
94.80082,36.4461643209667
94.8754,36.4476195522333
94.98728,36.4490747835
95.09916,36.45127207105
95.21104,36.4534693586
95.32292,36.4540119489667
95.4348,36.4545545393333
95.53602,36.4550971297
95.63724,36.4519701851
95.73846,36.45045113785
95.83968,36.4489320906
95.9409,36.4495765635333
96.03148,36.4502210364667
96.12206,36.4508655094
96.21264,36.45084978375
96.30322,36.4508340581
96.3938,36.4548867107
96.47904,36.4589393633
96.56428,36.45895334075
96.64952,36.4589673182
96.73476,36.4589838041667
96.82,36.4590002901333
96.8999,36.4590167761
96.9798,36.4582153855
97.0597,36.4574139949
97.1396,36.4574566945667
97.2195,36.4574993942333
97.28876,36.4575420939
97.35802,36.4564771096
97.42728,36.45637649125
97.49654,36.4562758729
97.5658,36.4564530793333
97.699,36.4566302857667
97.8322,36.4568074922
97.9654,36.4563453677
98.0986,36.4558832432
98.18916,36.4554211187
98.27972,36.4483349985
98.37028,36.44674284365
98.46084,36.4451506888
98.5514,36.4439882518333
98.63132,36.4428258148667
98.71124,36.4416633779
98.79116,36.44245519665
98.87108,36.4432470154
98.951,36.4490773186
99.02026,36.4549076218
99.08952,36.45604229315
99.15878,36.4571769645
99.22804,36.4537628254333
99.2973,36.4503486863667
99.3772,36.4469345473
99.4571,36.4392700624
99.537,36.4316055775
99.6169,36.4355085781333
99.6968,36.4394115787667
99.80344,36.4433145794
99.91008,36.4278718457
100.01672,36.42402865065
100.12336,36.4201854556
100.23,36.4264199145
100.3204,36.4326543734
100.4108,36.4388888323
100.5012,36.43988397015
100.5916,36.440879108
100.682,36.4411066611667
100.782,36.4413342143333
100.882,36.4415617675
100.982,36.4416854328
101.082,36.4385887353667
101.1406,36.4354920379333
101.1992,36.4323953405
101.2578,36.43067559375
101.3164,36.428955847
101.375,36.4300042456
101.4602,36.4310526442
101.5454,36.4321010428
101.6306,36.430964444
101.7158,36.4310655022
101.801,36.4311665604
101.9076,36.4312676186
102.0142,36.43050246695
102.1208,36.4297373153
102.2274,36.4306725208667
102.334,36.4316077264333
102.414,36.432542932
102.494,36.43242754095
102.574,36.4323121499
102.654,36.4288410972
102.734,36.4287704054667
102.8084,36.4286997137333
102.8828,36.428629022
102.9572,36.42810446325
103.0316,36.4275799045
103.106,36.4258451662667
103.1806,36.4241104280333
103.2552,36.4223756898
103.3298,36.4267484754
103.4044,36.4243880854
103.479,36.4220276954
103.5802,36.4196673054
103.6814,36.4220493335
103.7826,36.4244313616
103.8838,36.4228230402333
103.985,36.4212147188667
104.0704,36.4196063975
104.1558,36.4279601383
104.2412,36.42989451765
104.3266,36.431828897
104.412,36.4322232715667
104.5185,36.4326176461333
104.625,36.4330120207
104.7315,36.4329789228333
104.838,36.4329458249667
104.9286,36.4329127271
105.0192,36.4329691426
105.1098,36.4330255581
105.2004,36.4344096158
105.291,36.4356260904333
105.3442,36.4368425650667
105.3974,36.4380590397
105.4506,36.4401896712
105.5038,36.4423203027
105.557,36.4425418791667
105.653,36.4427634556333
105.749,36.4429850321
105.845,36.442845594
105.941,36.4427061559
106.037,36.4470884035
106.1116,36.4514706511
106.1862,36.4540328095
106.2608,36.4565949679
106.3354,36.4569482359
106.41,36.4573015039
106.4418,36.4576547719
106.4736,36.4587111658
106.5054,36.4597675597
106.5372,36.4527469454
106.569,36.4533513132667
106.681,36.4539556811333
106.793,36.454560049
106.905,36.45596458285
107.017,36.4573691167
107.129,36.4577099600333
107.2196,36.4580508033667
107.3102,36.4583916467
107.4008,36.45783699095
107.4914,36.4572823352
107.582,36.45480772835
107.6458,36.4523331215
107.7096,36.45149841455
107.7734,36.4506637076
107.8372,36.4510830021333
107.901,36.4515022966667
107.98775,36.4519215912
108.0745,36.4521208954
108.16125,36.4523201996
108.248,36.45122443055
108.3332,36.4501286615
108.4184,36.44712559055
108.5036,36.4441225196
108.5888,36.4439160932
108.674,36.4437096668
108.7592,36.4435032404
108.8444,36.4464226226
108.9296,36.4493420048
109.0148,36.4495329461333
109.1,36.4497238874667
109.164,36.4499148288
109.228,36.447589622
109.292,36.44813103695
109.356,36.4486724519
109.42,36.445990221
109.4946,36.4433079901
109.5692,36.4406257592
109.6438,36.43883836295
109.7184,36.4370509667
109.793,36.43369056315
109.8834,36.4303301596
109.9738,36.43339353295
110.0642,36.4364569063
110.1546,36.4350183308
110.245,36.4335797553
110.3196,36.4321411798
110.3942,36.43254786345
110.4688,36.4329545471
110.5434,36.4290867362
110.618,36.4252189253
110.6714,36.4213511144
110.7248,36.4470287724
110.7782,36.4514748167
110.8316,36.455920861
110.885,36.4541654184
110.9914,36.4524099758
111.0978,36.4506545332
111.2042,36.4499587458
111.3106,36.4492629584
111.417,36.44915902775
111.52375,36.4490550971
111.6305,36.4493574671
111.73725,36.4496598371
111.844,36.4491144534667
111.8918,36.4485690698333
111.9396,36.4480236862
111.9874,36.44735929185
112.0352,36.4466948975
112.083,36.4464370478333
112.179,36.4461791981667
112.275,36.4459213485
112.371,36.4455877438
112.467,36.4449168047667
112.563,36.4442458657333
112.6268,36.4435749267
112.6906,36.4423814833
112.7544,36.4411880399
112.8182,36.4405454588667
112.882,36.4399028778333
112.9674,36.4392602968
113.0528,36.4341000139
113.1382,36.43352990955
113.2236,36.4329598052
113.309,36.4330343841667
113.3728,36.4331089631333
113.4366,36.4331835421
113.5004,36.42776210155
113.5642,36.422340661
113.628,36.4222174097667
113.7134,36.4220941585333
113.7988,36.4219709073
113.8842,36.412757885
113.9696,36.4112185022
114.055,36.4096791194
114.1294,36.4081397366
114.2038,36.40700792465
114.2782,36.4058761127
114.3526,36.4068417314
114.427,36.4078073501
114.53375,36.4087729688
114.6405,36.405020421
114.74725,36.4044495549
114.854,36.4038786888
114.9232,36.4033078227
114.9924,36.4011422744
115.0616,36.3989767261
115.1308,36.3982697163
115.2,36.3975627065
115.2746,36.3968556967
115.3492,36.39590969615
115.4238,36.3949636956
115.4984,36.3949061434
115.573,36.3941127425
115.637,36.3933193416
115.701,36.3925259407
115.765,36.39133509955
115.829,36.3901442584
115.893,36.3891246584667
115.9728,36.3881050585333
116.0526,36.3870854586
116.1324,36.3884558315
116.2122,36.3879190014667
116.292,36.3873821714333
116.3826,36.3868453414
116.4732,36.3857202081
116.5638,36.3845950748
116.6544,36.3856373934333
116.745,36.3866797120667
116.809,36.3877220307
116.873,36.3889709297
116.937,36.3902198287
117.001,36.3850702695
117.065,36.3868686347667
117.1448,36.3886670000333
117.2246,36.3904653653
117.3044,36.39048701705
117.3842,36.3905086688
117.464,36.3901535916667
117.5492,36.3897985145333
117.6344,36.3894434374
117.7196,36.3900056479
117.8048,36.3883983381
117.89,36.3867910283
117.98325,36.3851837185
118.0765,36.3831159427
118.16975,36.3810481669
118.263,36.3812730159667
118.359,36.3814978650333
118.455,36.3817227141
118.551,36.3773386944
118.647,36.3729546747
118.743,36.372116022
118.7856,36.3712773693
118.8282,36.37529173755
118.8708,36.3793061058
118.9134,36.3791412702333
118.956,36.3789764346667
119.0466,36.3788115991
119.1372,36.3778910869
119.2278,36.3769705747
119.3184,36.3730218167
119.409,36.3722393413
119.4836,36.3714568659
119.5582,36.3706743905
119.6328,36.3689558278
119.7074,36.3672372651
119.782,36.3659011712667
119.8884,36.3645650774333
119.9948,36.3632289836
120.1012,36.36227392375
120.2076,36.3613188639
120.314,36.35709009885
120.3674,36.3528613338
120.4208,36.35248952765
120.4742,36.3521177215
120.5276,36.3522731460333
120.581,36.3524285705667
120.6608,36.3525839951
120.7406,36.3509914132
120.8204,36.3493988313
120.9002,36.3453742462
120.98,36.3444204980333
121.1065,36.3434667498667
121.233,36.3425130017
121.3595,36.3409891271333
121.486,36.3394652525667
121.5606,36.337941378
121.6352,36.3342915584
121.7098,36.3306417388
121.7844,36.3315879099667
121.859,36.3325340811333
121.9496,36.3334802523
122.0402,36.3340732472
122.1308,36.33238562925
122.2214,36.3306980113
122.312,36.3286387182333
122.3654,36.3265794251667
122.4188,36.3245201321
122.4722,36.32350524735
122.5256,36.3224903626
122.579,36.3215226122
122.6536,36.3205548618
122.7282,36.31994776425
122.8028,36.3193406667
122.8774,36.3176668238667
122.952,36.3159929810333
123.0264,36.3143191382
123.1008,36.3123100614
123.1752,36.3103009846
123.2496,36.3063998091667
123.324,36.3024986337333
123.388,36.2985974583
123.452,36.2925716674
123.516,36.28867536715
123.58,36.2847790669
123.644,36.2855679977667
123.74,36.2863569286333
123.836,36.2871458595
123.932,36.2878694473
124.028,36.2885930351
124.124,36.28683879245
124.1826,36.2850845498
124.2412,36.2831736783
124.2998,36.2812628068
124.3584,36.2805557506333
124.417,36.2798486944667
124.4862,36.2791416383
124.5554,36.2786054137
124.6246,36.2780691891
124.6938,36.2776665308667
124.763,36.2772638726333
124.8588,36.2768612144
124.9546,36.2761767512
125.0504,36.27547615515
125.1462,36.2747755591
125.242,36.2743851585333
125.35525,36.2739947579667
125.4685,36.2736043574
125.58175,36.2731851739667
125.695,36.2727659905333
125.7324,36.2723468071
125.7698,36.2665148086
125.8072,36.260362255
125.8446,36.2542097014
125.882,36.2553161933667
125.9938,36.2564226853333
126.1056,36.2575291773
126.2174,36.25553109695
126.3292,36.2535330166
126.441,36.2531686766
126.5102,36.2528043366
126.5794,36.2524399966
126.6486,36.2423980644
126.7178,36.2419145527333
126.787,36.2414310410667
126.8776,36.2409475294
126.9682,36.24157005135
127.0588,36.2421925733
127.1494,36.2411345876
127.24,36.2400766019
127.304,36.2390186162
127.368,36.2362362379
127.432,36.2351035289
127.496,36.2339708199
127.56,36.2323501259333
127.6398,36.2307294319667
127.7196,36.229108738
127.7994,36.2284873407
127.8792,36.2278659434
127.959,36.2265660903333
128.0496,36.2252662372667
128.1402,36.2239663842
128.2308,36.2223653902
128.3214,36.2219481620333
128.412,36.2215309338667
128.5185,36.2211137057
128.625,36.2204449941
128.7315,36.2197762825
128.838,36.2188711145333
128.9074,36.2179659465667
128.9768,36.2170607786
129.0462,36.2145657577
129.1156,36.2131126352
129.185,36.2116595127
129.2648,36.2102063902
129.3446,36.20799443135
129.4244,36.2057824725
129.5042,36.204856429
129.584,36.2039303855
129.6692,36.203004342
129.7544,36.20226378475
129.8396,36.2015232275
129.9248,36.2033155605
130.01,36.2027575386333
130.1006,36.2021995167667
130.1912,36.2016414949
130.2818,36.1993868984
130.3724,36.1971323019
130.463,36.1961063568333
130.5642,36.1950804117667
130.6654,36.1940544667
130.7666,36.1926582159
130.8678,36.1912619651
130.969,36.1870324414
131.017,36.1828029177
131.065,36.1841920927
131.113,36.1855812677
131.161,36.1851661142333
131.209,36.1847509607667
131.2942,36.1843358073
131.3794,36.18230473985
131.4646,36.1802736724
131.5498,36.1803052212
131.635,36.1788107185333
131.731,36.1773162158667
131.827,36.1758217132
131.923,36.17573659045
132.019,36.1756514677
132.115,36.1755326968333
132.2215,36.1754139259667
132.328,36.1752951551
132.4345,36.1737518234
132.541,36.1723688537333
132.5942,36.1709858840667
132.6474,36.1696029144
132.7006,36.16719114165
132.7538,36.1647793689
132.807,36.1633937146667
132.887,36.1620080604333
132.967,36.1606224062
133.047,36.15788444975
133.127,36.1551464933
133.207,36.15254582355
133.2922,36.1499451538
133.3774,36.15255075255
133.4626,36.1551563513
133.5478,36.1533072265
133.633,36.1514581017
133.697,36.1496089769
133.761,36.1466942047
133.825,36.1437794325
133.889,36.1404591266667
133.953,36.1371388208333
134.0276,36.133818515
134.1022,36.1363600226
134.1768,36.13547303995
134.2514,36.1345860573
134.326,36.1345449943667
134.4166,36.1345039314333
134.5072,36.1344628685
134.5978,36.13338436715
134.6884,36.1323058658
134.779,36.13226669975
134.8482,36.1322275337
134.9174,36.131244979
134.9866,36.1302624243
135.0558,36.1301589062667
135.125,36.1300553882333
135.1836,36.1299518702
135.2422,36.12906964145
135.3008,36.1281874127
135.3594,36.1280484074667
135.418,36.1279094022333
135.53125,36.127770397
135.6445,36.1273360785
135.75775,36.1272786908
135.871,36.1272213031
135.8762,36.1271639154
135.8814,36.1268507278
135.8866,36.1265375402
135.8918,36.126332548
135.897,36.1261275558
136.041,36.1259225636
136.185,36.1256643365
136.329,36.1253102336
136.473,36.1249561307
136.617,36.1249908764
136.6916,36.1250256221
136.7662,36.1250603678
136.8408,36.1245658249
136.9154,36.124071282
136.99,36.1239602718333
137.0858,36.1238492616667
137.1816,36.1237382515
137.2774,36.1231540951
137.3732,36.122831524
137.469,36.1225089529
137.5702,36.1221863818
137.6714,36.1221593959
137.7726,36.12213241
137.8738,36.1222000099333
137.975,36.1222676098667
138.0336,36.1223352098
138.0922,36.1214458443
138.1508,36.1212311171
138.2094,36.1210163899
138.268,36.1209664738333
138.332,36.1209165577667
138.396,36.1208666417
138.46,36.12039136555
138.524,36.1199160894
138.588,36.1196339167333
138.6732,36.1193517440667
138.7584,36.1190695714
138.8436,36.1182787778
138.9288,36.1177518323667
139.014,36.1172248869333
139.1005,36.1166979415
139.187,36.1170473249
139.2735,36.1173967083
139.36,36.1159642557667
139.424,36.1145318032333
139.488,36.1130993507
139.552,36.1125642863
139.616,36.1094009449
139.68,36.1062376035
139.7706,36.1030742621
139.8612,36.1002862227
139.9518,36.0974981833
140.0424,36.0988181961
140.133,36.1001382089
140.1968,36.1014582217
140.2606,36.10147965235
140.3244,36.101501083
140.3882,36.0928896351
140.452,36.0939183493667
140.5106,36.0949470636333
140.5692,36.0959757779
140.6278,36.09646049685
140.6864,36.0969452158
140.745,36.0945950946333
140.8356,36.0922449734667
140.9262,36.0898948523
141.0168,36.0860670297
141.1074,36.0827671806667
141.198,36.0794673316333
141.2674,36.0761674826
141.3368,36.0728640206
141.4062,36.0695605586
141.4756,36.0682600864667
141.545,36.0669596143333
141.6088,36.0656591422
141.6726,36.06267719705
141.7364,36.0596952519
141.8002,36.0379947144
141.864,36.0422435153667
141.9492,36.0464923163333
142.0344,36.0507411173
142.1196,36.05029937505
142.2048,36.0498576328
142.29,36.0479657015333
142.38325,36.0460737702667
142.4765,36.044181839
142.56975,36.0422188947
142.663,36.0412628403667
142.7376,36.0403067860333
142.8122,36.0393507317
142.8868,36.0293981318
142.9614,36.0194455319
143.036,36.0203900753333
143.1054,36.0213346187667
143.1748,36.0222791622
143.2442,36.0249704514
143.3136,36.0276617406
143.383,36.0253167957
143.4734,36.0229718508
143.5638,36.0229542235
143.6542,36.0229365962
143.7446,36.0226940923333
143.835,36.0224515884667
143.9364,36.0222090846
144.0378,36.02034392665
144.1392,36.0184787687
144.2406,36.0161613648
144.342,36.0170511785333
144.3632,36.0179409922667
144.3844,36.018830806
144.4056,36.01271717135
144.4268,36.0066035367
144.448,36.0094211327
144.5386,36.0122387287
144.6292,36.0150563247
144.7198,36.0133556782
144.8104,36.0116550317
144.901,36.0111151704
144.9596,36.0105753091
145.0182,36.00781882175
145.0768,36.0050623344
145.1354,36.0050905246667
145.194,36.0051187149333
145.31375,36.0051469052
145.4335,36.00545199535
145.55325,36.0057570855
145.673,36.0039283739
145.7424,36.0020996623
145.8118,36.0016246147
145.8812,36.0011495671
145.9506,36.0007600410667
146.02,36.0003705150333
146.1264,35.999980989
146.2328,36.0004133615
146.3392,36.000845734
146.4456,36.0005727740333
146.552,36.0002998140667
146.6266,36.0000268541
146.7012,35.999653627
146.7758,35.99955869
146.8504,35.999463753
146.925,35.9993412195667
146.9624,35.9992186861333
146.9998,35.9990961527
147.0372,35.99909280015
147.0746,35.9990894476
147.112,35.9989004982
147.1972,35.9987115488
147.2824,35.99847832955
147.3676,35.9982451103
147.4528,35.9979107253333
147.538,35.9975763403667
147.6072,35.9972419554
147.6764,35.99321468555
147.7456,35.9891874157
147.8148,35.990806034
147.884,35.9924246523
147.948,35.9940432706
148.012,35.9947092753
148.076,35.98934783865
148.14,35.983986402
148.204,35.9857529845667
148.2892,35.9875195671333
148.3744,35.9892861497
148.4596,35.99039036235
148.5448,35.991494575
148.63,35.99080402165
148.7365,35.9901134683
148.843,35.98821541855
148.9495,35.9863173688
149.056,35.9861740133333
149.104,35.9860306578667
149.152,35.9858873024
149.2,35.98465231355
149.248,35.9834173247
149.296,35.9818184768333
149.392,35.9802196289667
149.488,35.9786207811
149.584,35.9804580527
149.68,35.9804316324333
149.776,35.9804052121667
149.8666,35.9803787919
149.9572,35.98024583205
150.0478,35.9801128722
150.1384,35.9796823480333
150.229,35.9792518238667
150.3034,35.9788212997
150.3778,35.9765328148
150.4522,35.97655421435
150.5266,35.9765756139
150.601,35.9750147771667
150.6756,35.9734539404333
150.7502,35.9718931037
150.8248,35.97110846515
150.8994,35.9703238266
150.974,35.9678074923
151.0434,35.965291158
151.1128,35.9627748237
151.1822,35.9590292285
151.2516,35.9597122360333
151.321,35.9603952435667
151.4168,35.9610782511
151.5126,35.9603559363
151.6084,35.9596336215
151.7042,35.9587785557667
151.8,35.9579234900333
151.8532,35.9570684243
151.9064,35.9542317126
151.9596,35.9544824588
152.0128,35.954733205
152.066,35.9543329600333
152.15275,35.9539327150667
152.2395,35.9535324701
152.32625,35.9535323029333
152.413,35.9535321357667
152.5036,35.9535319686
152.5942,35.95232646555
152.6848,35.9511209625
152.7754,35.9494665778
152.866,35.9494380177333
152.9352,35.9494094576667
153.0044,35.9493808976
153.0736,35.9491957799
153.1428,35.9490106622
153.212,35.9489162481333
153.2652,35.9488218340667
153.3184,35.94872742
153.3716,35.9477011045
153.4248,35.9472083256
153.478,35.9467155467
153.574,35.9462227678
153.67,35.945993528
153.766,35.9457642882
153.862,35.9455490710333
153.958,35.9453338538667
154.0432,35.9451186367
154.1284,35.94488747055
154.2136,35.9446563044
154.2988,35.9437292998
154.384,35.9435135793333
154.4532,35.9432978588667
154.5224,35.9430821384
154.5916,35.94234358
154.6608,35.9416050216
154.73,35.941668125
154.7994,35.9417312284
154.8688,35.9417943318
154.9382,35.9410514521
155.0076,35.9404326408667
155.077,35.9398138296333
155.1835,35.9391950184
155.29,35.93836470105
155.3965,35.9375343837
155.503,35.9358412333667
155.5722,35.9341480830333
155.6414,35.9324549327
155.7106,35.93302197485
155.7798,35.933589017
155.849,35.932762219
155.929,35.931935421
156.009,35.9310609713
156.089,35.9301865216
156.169,35.9301589163667
156.249,35.9301313111333
156.3236,35.9301037059
156.3982,35.92973270455
156.4728,35.9293617032
156.5474,35.922117487
156.622,35.9205164527667
156.7178,35.9189154185333
156.8136,35.9173143843
156.9094,35.91434051025
157.0052,35.9113666362
157.101,35.9094744277333
157.149,35.9075822192667
157.197,35.9056900108
157.245,35.90787666855
157.293,35.9100633263
157.341,35.90968623415
157.4208,35.909309142
157.5006,35.90734603125
157.5804,35.9053829205
157.6602,35.9053171589667
157.74,35.9052513974333
157.8146,35.9051856359
157.8892,35.9041082376
157.9638,35.9030308393
158.0384,35.9004065305
158.113,35.8983130801667
158.20625,35.8962196298333
158.2995,35.8941261795
158.39275,35.8927735069333
158.486,35.8914208343667
158.55,35.8900681618
158.614,35.8908501506
158.678,35.8916321394
158.742,35.8913460441
158.806,35.8910599488
158.9018,35.8907738535
158.9976,35.887673495
159.0934,35.8851299979
159.1892,35.8825865008
159.285,35.881201871
159.3436,35.8798172412
159.4022,35.8784326114
159.4608,35.87665858325
159.5194,35.8748845551
159.578,35.8760240828
159.674,35.8771636105
159.77,35.8783031382
159.866,35.8748954496
159.962,35.8744516631667
160.058,35.8740078767333
160.1272,35.8735640903
160.1964,35.8735096476
160.2656,35.8734552049
160.3348,35.8725753486333
160.404,35.8716954923667
160.5106,35.8708156361
160.6172,35.8707942889
160.7238,35.86942503025
160.8304,35.8680557716
160.937,35.8683307216
160.969,35.8686056716
161.001,35.8688806216
161.033,35.86873463485
161.065,35.8685886481
161.097,35.8684915495333
161.1982,35.8683944509667
161.2994,35.8682973524
161.4006,35.8677270344
161.5018,35.8675350474667
161.603,35.8673430605333
161.6722,35.8671510736
161.7414,35.86700426595
161.8106,35.8668574583
161.8798,35.8660698504
161.949,35.8652822425
162.04225,35.8644946346
162.1355,35.8622960544
162.22875,35.8628122656
162.322,35.8633284768
162.3752,35.863844688
162.4284,35.8635106311
162.4816,35.8631765742
162.5348,35.8626400741
162.588,35.862103574
162.6786,35.8615670739
162.7692,35.8596483751
162.8598,35.85935398395
162.9504,35.8590595928
163.041,35.8593013590333
163.1156,35.8595431252667
163.1902,35.8597848915
163.2648,35.8587896961
163.3394,35.8577945007
163.414,35.8577828419
163.494,35.8577711831
163.574,35.8577595243
163.654,35.8576517873
163.734,35.8572408552333
163.814,35.8568299231667
163.8778,35.8564189911
163.9416,35.856507701
164.0054,35.8565964109
164.0692,35.8559316701667
164.133,35.8552669294333
164.229,35.8546021887
164.325,35.85520376335
164.421,35.855805338
164.517,35.8506121878
164.613,35.8517895851
164.6556,35.8529669824
164.6982,35.8541443797
164.7408,35.8525786407
164.7834,35.8510129017
164.826,35.8516654151667
164.93925,35.8523179286333
165.0525,35.8529704421
165.16575,35.8507224966
165.279,35.8506515528667
165.3482,35.8505806091333
165.4174,35.8505096654
165.4866,35.85125537725
165.5558,35.8520010891
165.625,35.8507086192
165.6996,35.8494161493
165.7742,35.8481236794
165.8488,35.84881303725
165.9234,35.8495023951
165.998,35.84921215505
166.078,35.848921915
166.158,35.8487270716
166.238,35.8485322282
166.318,35.8483393639333
166.398,35.8481464996667
166.4724,35.8479536354
166.5468,35.84799438
166.6212,35.8480351246
166.6956,35.8478305139
166.77,35.8474808886333
166.8606,35.8471312633667
166.9512,35.8467816381
167.0418,35.8469562495
167.1324,35.8471308609
167.223,35.8471282889
167.271,35.8471257169
167.319,35.8471231449
167.367,35.8471654958
167.415,35.8472078467
167.463,35.84725018825
167.5536,35.8472925298
167.6442,35.84728990035
167.7348,35.8472872709
167.8254,35.8472844195333
167.916,35.8472815681667
168.02925,35.8472787168
168.1425,35.8472253797
168.25575,35.8471720426
168.369,35.8461347892
168.4436,35.8450975358
168.5182,35.84519944655
168.5928,35.8453013573
168.6674,35.8434514598333
168.742,35.8416015623667
168.8218,35.8397516649
168.9016,35.8433552851
168.9814,35.8469589053
169.0612,35.8467530206333
169.141,35.8465471359667
169.2104,35.8463412513
169.2798,35.8428344818
169.3492,35.8432034638
169.4186,35.8435724458
169.488,35.8435870911667
169.5892,35.8436017365333
169.6904,35.8436163819
169.7916,35.8431473056
169.8928,35.8426782293
169.994,35.842661422
170.0686,35.8426446147
170.1432,35.8444929136
170.2178,35.8463412125
170.2924,35.8456830664667
170.367,35.8450249204333
170.3988,35.8443667744
170.4306,35.84168278835
170.4624,35.8389988023
170.4942,35.8401062762
170.526,35.8412137501
170.6114,35.842321224
170.6968,35.8422961369
170.7822,35.84257772115
170.8676,35.8428593054
170.953,35.8425442063
171.0595,35.8422291072
171.166,35.8419140081
171.2725,35.8421619436333
171.379,35.8424098791667
171.4322,35.8426578147
171.4854,35.8431179844
171.5386,35.8427014981
171.5918,35.8422850118
171.645,35.8420896352667
171.741,35.8418942587333
171.837,35.8416988822
171.933,35.84240282245
172.029,35.8431067627
172.125,35.8428196475333
172.2048,35.8425325323667
172.2846,35.8422454172
172.3644,35.8421440312
172.4442,35.8421401150667
172.524,35.8421361989333
172.5774,35.8421322828
172.6308,35.8420334089
172.6842,35.841934535
172.7376,35.8420568434333
172.791,35.8421791518667
172.8602,35.8423014603
172.9294,35.842015295
172.9986,35.84238890935
173.0678,35.8427625237
173.137,35.8421422945
173.1476,35.8415220653
173.1582,35.8409018361
